{
  "calibrated_val": {
    "n": 12828,
    "bad_rate": 0.005534767695665731,
    "auc": 0.7100172564744901,
    "ks": 0.37822924061575697,
    "ap": 0.02431893725677505,
    "brier": 0.0054685549008263385,
    "log_loss": 0.03236004857950451
  },
  "calibrated_test": {
    "n": 7216,
    "bad_rate": 0.0036031042128603103,
    "auc": 0.6335990157269713,
    "ks": 0.28956884561891516,
    "ap": 0.021582326112511305,
    "brier": 0.0035805689362148323,
    "log_loss": 0.02351755137945903
  },
  "policy_thresholds": {
    "t_low": 0.005505568024224319,
    "t_med": 0.010653506944083376,
    "t_high": 0.016770463387587822,
    "q_low": 0.7,
    "q_med": 0.9,
    "q_high": 0.97
  }
}